timestamp,sensor_type,x,y,z,w
1753148631908,TYPE_ACCELEROMETER,-1.752556,2.152387,7.457938,
1753148631908,TYPE_ROTATION_VECTOR,0.118184,-0.0507,-0.524396,0.841707
1753148631908,TYPE_LINEAR_ACCELERATION,-1.374009,-0.320138,-2.024345,
1753148631908,TYPE_MAGNETIC_FIELD,-36.719997,15.9,-11.04,
1753148631908,TYPE_ACCELEROMETER,-1.714248,2.221819,7.438785,
1753148631909,TYPE_ROTATION_VECTOR,0.119267,-0.051854,-0.52247,0.842681
1753148631909,TYPE_LINEAR_ACCELERATION,-1.349106,-0.280757,-2.036139,
1753148631909,TYPE_ACCELEROMETER,-1.666364,2.303222,7.520187,
1753148631909,TYPE_ROTATION_VECTOR,0.119267,-0.051854,-0.52247,0.842681
1753148631909,TYPE_LINEAR_ACCELERATION,-1.301222,-0.199354,-1.954736,
1753148631909,TYPE_ACCELEROMETER,-1.625663,2.387019,7.687782,
1753148631909,TYPE_MAGNETIC_FIELD,-36.48,15.9,-11.34,
1753148631926,TYPE_ROTATION_VECTOR,0.119267,-0.051854,-0.52247,0.842681
1753148631927,TYPE_LINEAR_ACCELERATION,-1.260521,-0.115557,-1.787141,
1753148631927,TYPE_ACCELEROMETER,-1.553837,2.446874,7.884106,
1753148631928,TYPE_ROTATION_VECTOR,0.118873,-0.053515,-0.520328,0.843957
1753148631966,TYPE_LINEAR_ACCELERATION,-1.226524,-0.06695,-1.589222,
1753148631966,TYPE_ACCELEROMETER,-1.484405,2.458845,8.001422,
1753148631966,TYPE_ROTATION_VECTOR,0.118873,-0.053515,-0.520328,0.843957
1753148631966,TYPE_LINEAR_ACCELERATION,-1.157092,-0.054979,-1.471907,
1753148631967,TYPE_MAGNETIC_FIELD,-36.540001,15.839999,-11.639999,
1753148631967,TYPE_ACCELEROMETER,-1.414973,2.470816,8.099585,
1753148631967,TYPE_ROTATION_VECTOR,0.118024,-0.054662,-0.517976,0.845448
1753148631967,TYPE_LINEAR_ACCELERATION,-1.122347,-0.041594,-1.375254,
1753148631967,TYPE_ACCELEROMETER,-1.316811,2.492364,8.228871,
1753148631967,TYPE_ROTATION_VECTOR,0.118024,-0.054662,-0.517976,0.845448
1753148631967,TYPE_LINEAR_ACCELERATION,-1.024185,-0.020046,-1.245967,
1753148631968,TYPE_LINEAR_ACCELERATION,-0.904475,0.018261,-1.059219,
1753148631968,TYPE_MAGNETIC_FIELD,-36.84,15.719999,-11.82,
1753148631968,TYPE_ROTATION_VECTOR,0.118024,-0.054662,-0.517976,0.845448
1753148631968,TYPE_ACCELEROMETER,-1.197101,2.530671,8.415619,
1753148631968,TYPE_ACCELEROMETER,-1.070208,2.542642,8.537724,
1753148631968,TYPE_ROTATION_VECTOR,0.116838,-0.055249,-0.51542,0.847136
1753148631968,TYPE_LINEAR_ACCELERATION,-0.80705,0.04284,-0.941313,
1753148631968,TYPE_ACCELEROMETER,-0.907402,2.571373,8.714894,
1753148631968,TYPE_ROTATION_VECTOR,0.116838,-0.055249,-0.51542,0.847136
1753148631968,TYPE_LINEAR_ACCELERATION,-0.644244,0.07157,-0.764142,
1753148631968,TYPE_MAGNETIC_FIELD,-37.139999,15.66,-11.759999,
1753148631968,TYPE_ACCELEROMETER,-0.830788,2.588132,8.865729,
1753148631969,TYPE_ROTATION_VECTOR,0.115162,-0.056081,-0.513164,0.848679
1753148631969,TYPE_LINEAR_ACCELERATION,-0.605201,0.106774,-0.61912,
1753148631969,TYPE_ACCELEROMETER,-0.730232,2.616863,9.088389,
1753148631969,TYPE_ROTATION_VECTOR,0.115162,-0.056081,-0.513164,0.848679
1753148631969,TYPE_LINEAR_ACCELERATION,-0.504645,0.135504,-0.39646,
1753148631969,TYPE_MAGNETIC_FIELD,-36.84,15.719999,-11.7,
1753148631969,TYPE_ACCELEROMETER,-0.629675,2.628834,9.232041,
1753148631969,TYPE_ROTATION_VECTOR,0.115269,-0.055957,-0.513179,0.848663
1753148631970,TYPE_LINEAR_ACCELERATION,-0.400881,0.146962,-0.252596,
1753148631970,TYPE_ACCELEROMETER,-0.577003,2.647987,9.323022,
1753148631970,TYPE_ROTATION_VECTOR,0.113496,-0.05723,-0.511546,0.849802
1753148631970,TYPE_LINEAR_ACCELERATION,-0.392159,0.182102,-0.166742,
1753148631970,TYPE_ACCELEROMETER,-0.565032,2.662352,9.411607,
1753148631970,TYPE_ROTATION_VECTOR,0.113812,-0.056898,-0.511586,0.849759
1753148631970,TYPE_LINEAR_ACCELERATION,-0.371343,0.194588,-0.077493,
1753148631970,TYPE_MAGNETIC_FIELD,-36.66,15.839999,-11.94,
1753148631970,TYPE_ACCELEROMETER,-0.579397,2.671929,9.478644,
1753148631970,TYPE_ROTATION_VECTOR,0.11229,-0.058067,-0.510569,0.850493
1753148631971,TYPE_LINEAR_ACCELERATION,-0.423543,0.21735,-0.014571,
1753148631971,TYPE_ACCELEROMETER,-0.617704,2.705448,9.581595,
1753148631971,TYPE_ROTATION_VECTOR,0.11279,-0.057582,-0.510627,0.850425
1753148631971,TYPE_LINEAR_ACCELERATION,-0.448541,0.247459,0.089491,
1753148631971,TYPE_ACCELEROMETER,-0.672771,2.688689,9.65821,
1753148631985,TYPE_MAGNETIC_FIELD,-36.540001,15.599999,-11.94,
1753148631985,TYPE_ROTATION_VECTOR,0.113359,-0.05704,-0.510691,0.850348
1753148631985,TYPE_LINEAR_ACCELERATION,-0.488651,0.226743,0.167408,
1753148631985,TYPE_ACCELEROMETER,-0.679953,2.63841,9.73243,
1753148631985,TYPE_ROTATION_VECTOR,0.112198,-0.057679,-0.510318,0.850683
1753148631986,TYPE_LINEAR_ACCELERATION,-0.519311,0.189117,0.237928,
1753148631986,TYPE_ACCELEROMETER,-0.730232,2.588132,9.842564,
1753148631986,TYPE_ROTATION_VECTOR,0.112891,-0.056996,-0.510398,0.850589
1753148631986,TYPE_LINEAR_ACCELERATION,-0.55098,0.134229,0.349586,
1753148631986,TYPE_MAGNETIC_FIELD,-36.419998,16.02,-11.82,
1753148631986,TYPE_ACCELEROMETER,-0.749385,2.568978,10.014946,
1753148631986,TYPE_ROTATION_VECTOR,0.11174,-0.057381,-0.510322,0.850761
1753148631986,TYPE_LINEAR_ACCELERATION,-0.588436,0.130124,0.517763,
1753148631986,TYPE_ACCELEROMETER,-0.758962,2.533065,10.208876,
1753148631986,TYPE_ROTATION_VECTOR,0.112533,-0.0565,-0.510426,0.850653
1753148631987,TYPE_LINEAR_ACCELERATION,-0.575027,0.08993,0.713211,
1753148631987,TYPE_MAGNETIC_FIELD,-36.239998,16.440001,-11.28,
1753148631987,TYPE_ACCELEROMETER,-0.718261,2.540248,10.388441,
1753148631987,TYPE_ROTATION_VECTOR,0.113297,-0.055562,-0.510537,0.850546
1753148631988,TYPE_LINEAR_ACCELERATION,-0.510668,0.093861,0.894102,
1753148631988,TYPE_ACCELEROMETER,-0.6608,2.545036,10.520123,
1753148631988,TYPE_ROTATION_VECTOR,0.111986,-0.05621,-0.510663,0.850601
1753148631988,TYPE_LINEAR_ACCELERATION,-0.476917,0.113773,1.02141,
1753148631988,TYPE_ACCELEROMETER,-0.591368,2.528277,10.579977,
1753148631988,TYPE_ROTATION_VECTOR,0.112464,-0.05552,-0.510745,0.850534
1753148631989,TYPE_LINEAR_ACCELERATION,-0.390946,0.09602,1.081854,
1753148631989,TYPE_MAGNETIC_FIELD,-36.18,16.619999,-10.98,
1753148631989,TYPE_ACCELEROMETER,-0.517148,2.48997,10.644621,
1753148631989,TYPE_ROTATION_VECTOR,0.11127,-0.056489,-0.511105,0.850411
1753148631989,TYPE_LINEAR_ACCELERATION,-0.343933,0.067775,1.143392,
1753148631989,TYPE_ACCELEROMETER,-0.42138,2.418144,10.472239,
1753148631989,TYPE_ROTATION_VECTOR,0.111546,-0.055982,-0.511166,0.850372
1753148631990,TYPE_LINEAR_ACCELERATION,-0.236758,-0.003537,0.971093,
1753148631990,TYPE_MAGNETIC_FIELD,-35.639999,17.459999,-10.74,
1753148631990,TYPE_ACCELEROMETER,-0.418985,2.413355,10.601525,
1753148631990,TYPE_ROTATION_VECTOR,0.111733,-0.055561,-0.511217,0.850344
1753148631990,TYPE_LINEAR_ACCELERATION,-0.22532,-0.007226,1.10028,
1753148631990,TYPE_ACCELEROMETER,-0.476446,2.408567,10.599131,
1753148631990,TYPE_ROTATION_VECTOR,0.110688,-0.056568,-0.511837,0.850042
1753148631991,TYPE_LINEAR_ACCELERATION,-0.308375,-0.00472,1.095542,
1753148631991,TYPE_ACCELEROMETER,-0.45011,2.394202,10.498574,
1753148631991,TYPE_ROTATION_VECTOR,0.110795,-0.056233,-0.511878,0.850025
1753148631991,TYPE_LINEAR_ACCELERATION,-0.275275,-0.017504,0.994707,
1753148631991,TYPE_MAGNETIC_FIELD,-35.399998,17.699999,-10.98,
1753148631991,TYPE_ACCELEROMETER,-0.497994,2.422932,10.354922,
1753148631991,TYPE_ROTATION_VECTOR,0.110182,-0.057382,-0.512741,0.849508
1753148631992,TYPE_LINEAR_ACCELERATION,-0.346018,0.010062,0.850958,
1753148631992,TYPE_ACCELEROMETER,-0.553061,2.480393,10.204087,
1753148631992,TYPE_ROTATION_VECTOR,0.110276,-0.057056,-0.512781,0.849494
1753148631992,TYPE_LINEAR_ACCELERATION,-0.394609,0.069216,0.699799,
1753148632003,TYPE_ACCELEROMETER,-0.567426,2.540248,10.002975,
1753148632003,TYPE_MAGNETIC_FIELD,-35.459999,17.879999,-11.219999,
1753148632003,TYPE_ROTATION_VECTOR,0.110384,-0.056723,-0.512822,0.849477
1753148632004,TYPE_LINEAR_ACCELERATION,-0.402228,0.130609,0.49841,
1753148632004,TYPE_ACCELEROMETER,-0.557849,2.652776,9.811439,
1753148632004,TYPE_ROTATION_VECTOR,0.110179,-0.057869,-0.513846,0.848807
1753148632004,TYPE_LINEAR_ACCELERATION,-0.410837,0.235303,0.308565,
1753148632004,TYPE_ACCELEROMETER,-0.682347,2.825158,9.706094,
1753148632004,TYPE_ROTATION_VECTOR,0.110392,-0.057488,-0.513892,0.848778
1753148632005,TYPE_LINEAR_ACCELERATION,-0.526709,0.407997,0.203279,
1753148632005,TYPE_MAGNETIC_FIELD,-35.639999,17.879999,-11.4,
1753148632005,TYPE_ACCELEROMETER,-0.732626,3.0143,9.536105,
1753148632005,TYPE_ROTATION_VECTOR,0.110036,-0.058783,-0.515245,0.847915
1753148632005,TYPE_LINEAR_ACCELERATION,-0.598233,0.590312,0.034704,
1753148632005,TYPE_ACCELEROMETER,-0.782904,3.110068,9.485827,
1753148632005,TYPE_ROTATION_VECTOR,0.110483,-0.058361,-0.515295,0.847856
1753148632005,TYPE_LINEAR_ACCELERATION,-0.636788,0.68299,-0.014611,
1753148632005,TYPE_MAGNETIC_FIELD,-36.299999,17.58,-11.7,
1753148632005,TYPE_ACCELEROMETER,-0.723049,3.074155,9.478644,
1753148632005,TYPE_ROTATION_VECTOR,0.111032,-0.057948,-0.515342,0.847783
1753148632005,TYPE_LINEAR_ACCELERATION,-0.564328,0.642219,-0.02035,
1753148632005,TYPE_ACCELEROMETER,-0.490811,2.813187,9.433155,
1753148632006,TYPE_ROTATION_VECTOR,0.109348,-0.060206,-0.517268,0.846671
1753148632006,TYPE_LINEAR_ACCELERATION,-0.381223,0.386542,-0.067885,
1753148632006,TYPE_ACCELEROMETER,-0.237026,2.482787,9.481039,
1753148632006,TYPE_ROTATION_VECTOR,0.109976,-0.059766,-0.517319,0.84659
1753148632006,TYPE_LINEAR_ACCELERATION,-0.113555,0.050281,-0.018332,
1753148632006,TYPE_MAGNETIC_FIELD,-36.779999,17.1,-11.88,
1753148632006,TYPE_ACCELEROMETER,0.047884,2.164358,9.825804,
1753148632006,TYPE_ROTATION_VECTOR,0.104632,-0.062487,-0.519789,0.845557
1753148632007,TYPE_LINEAR_ACCELERATION,0.078297,-0.207919,0.31046,
1753148632007,TYPE_ACCELEROMETER,0.385466,1.944092,10.424355,
1753148632007,TYPE_ROTATION_VECTOR,0.104705,-0.062414,-0.519798,0.845548
1753148632007,TYPE_LINEAR_ACCELERATION,0.417857,-0.428638,0.909131,
1753148632007,TYPE_MAGNETIC_FIELD,-37.200001,16.799999,-12.12,
1753148632007,TYPE_ACCELEROMETER,0.840365,1.735796,11.353305,
1753148632007,TYPE_ROTATION_VECTOR,0.104709,-0.06239,-0.519801,0.845548
1753148632007,TYPE_LINEAR_ACCELERATION,0.873195,-0.636772,1.838042,
1753148632007,TYPE_ACCELEROMETER,1.218649,1.647211,12.260707,
1753148632007,TYPE_ROTATION_VECTOR,0.09698,-0.063075,-0.522379,0.844829
1753148632008,TYPE_LINEAR_ACCELERATION,1.167119,-0.605984,2.716555,
1753148632008,TYPE_ACCELEROMETER,1.474828,1.623269,12.887988,
1753148632008,TYPE_ROTATION_VECTOR,0.096979,-0.063075,-0.522379,0.84483
1753148632008,TYPE_LINEAR_ACCELERATION,1.423286,-0.629896,3.343828,
1753148632008,TYPE_MAGNETIC_FIELD,-37.98,16.799999,-11.94,
1753148632008,TYPE_ACCELEROMETER,1.601721,1.577779,13.28782,
1753148632008,TYPE_ROTATION_VECTOR,0.091525,-0.059877,-0.525317,0.843848
1753148632008,TYPE_LINEAR_ACCELERATION,1.553709,-0.553941,3.715785,
1753148632008,TYPE_ACCELEROMETER,1.671153,1.347936,13.405135,
1753148632008,TYPE_ROTATION_VECTOR,0.091525,-0.059877,-0.525317,0.843848
1753148632019,TYPE_LINEAR_ACCELERATION,1.623141,-0.783785,3.8331,
1753148632020,TYPE_MAGNETIC_FIELD,-37.919998,16.68,-11.52,
1753148632020,TYPE_ACCELEROMETER,1.381454,1.266533,13.026852,
1753148632020,TYPE_ROTATION_VECTOR,0.091525,-0.059877,-0.525317,0.843848
1753148632020,TYPE_LINEAR_ACCELERATION,1.333443,-0.865188,3.454817,
1753148632020,TYPE_ACCELEROMETER,0.981623,1.163582,12.356475,
1753148632020,TYPE_ROTATION_VECTOR,0.090188,-0.055117,-0.529087,0.841959
1753148632020,TYPE_LINEAR_ACCELERATION,1.007346,-0.897707,2.76894,
1753148632020,TYPE_ACCELEROMETER,0.73502,1.051055,11.674128,
1753148632020,TYPE_ROTATION_VECTOR,0.090188,-0.055117,-0.529087,0.841959
1753148632021,TYPE_LINEAR_ACCELERATION,0.760743,-1.010235,2.086593,
1753148632021,TYPE_MAGNETIC_FIELD,-38.279999,16.859999,-11.34,
1753148632021,TYPE_ACCELEROMETER,0.557849,1.01993,11.334151,
1753148632021,TYPE_ROTATION_VECTOR,0.091243,-0.051743,-0.532941,0.839626
1753148632021,TYPE_LINEAR_ACCELERATION,0.659503,-1.023504,1.743299,
1753148632021,TYPE_ACCELEROMETER,0.282516,1.082179,11.042058,
1753148632021,TYPE_ROTATION_VECTOR,0.091243,-0.051743,-0.532941,0.839626
1753148632021,TYPE_LINEAR_ACCELERATION,0.38417,-0.961255,1.451206,
1753148632021,TYPE_MAGNETIC_FIELD,-38.700001,17.16,-11.52,
1753148632021,TYPE_ACCELEROMETER,0.076614,1.130063,10.773908,
1753148632021,TYPE_ROTATION_VECTOR,0.091243,-0.051743,-0.532941,0.839626
1753148632022,TYPE_LINEAR_ACCELERATION,0.178269,-0.913371,1.183056,
1753148632022,TYPE_ACCELEROMETER,-0.052672,1.151611,10.383653,
1753148632022,TYPE_ROTATION_VECTOR,0.093288,-0.050697,-0.536416,0.837248
1753148632022,TYPE_LINEAR_ACCELERATION,0.096292,-0.913673,0.7981,
1753148632022,TYPE_ACCELEROMETER,-0.1652,1.165976,9.964667,
1753148632022,TYPE_ROTATION_VECTOR,0.093288,-0.050697,-0.536416,0.837248
1753148632023,TYPE_LINEAR_ACCELERATION,-0.016236,-0.899307,0.379115,
1753148632023,TYPE_MAGNETIC_FIELD,-38.939999,17.16,-11.639999,
1753148632023,TYPE_ACCELEROMETER,-0.169988,1.233014,9.488221,
1753148632023,TYPE_ROTATION_VECTOR,0.097322,-0.051015,-0.538777,0.835252
1753148632024,TYPE_LINEAR_ACCELERATION,0.022706,-0.900395,-0.081618,
1753148632024,TYPE_ACCELEROMETER,-0.201113,1.33357,9.045294,
1753148632024,TYPE_ROTATION_VECTOR,0.097253,-0.051006,-0.538779,0.835259
1753148632024,TYPE_LINEAR_ACCELERATION,-0.009008,-0.798633,-0.524826,
1753148632024,TYPE_MAGNETIC_FIELD,-39.360001,17.34,-12.36,
1753148632024,TYPE_ACCELEROMETER,-0.117316,1.450886,8.714894,
1753148632024,TYPE_ROTATION_VECTOR,0.097094,-0.050982,-0.538783,0.835276
1753148632024,TYPE_LINEAR_ACCELERATION,0.073487,-0.678502,-0.855879,
1753148632024,TYPE_ACCELEROMETER,-0.067038,1.534683,8.408437,
1753148632024,TYPE_ROTATION_VECTOR,0.101742,-0.051904,-0.540136,0.833791
1753148632025,TYPE_LINEAR_ACCELERATION,0.162007,-0.67901,-1.142347,
1753148632025,TYPE_ACCELEROMETER,0.02873,1.697489,8.180987,
1753148632025,TYPE_ROTATION_VECTOR,0.101408,-0.051857,-0.540145,0.833829
1753148632025,TYPE_LINEAR_ACCELERATION,0.254967,-0.510332,-1.371224,
1753148632048,TYPE_MAGNETIC_FIELD,-39.66,17.4,-12.66,
1753148632048,TYPE_ACCELEROMETER,0.225055,1.857901,7.97748,
1753148632048,TYPE_ROTATION_VECTOR,0.105331,-0.054391,-0.54081,0.832749
1753148632048,TYPE_LINEAR_ACCELERATION,0.453937,-0.439391,-1.553546,
1753148632048,TYPE_ACCELEROMETER,0.600945,1.912967,7.85777,
1753148632058,TYPE_ROTATION_VECTOR,0.105129,-0.05439,-0.540813,0.832773
1753148632058,TYPE_LINEAR_ACCELERATION,0.82769,-0.381069,-1.674091,
1753148632058,TYPE_MAGNETIC_FIELD,-39.779999,16.92,-13.02,
1753148632058,TYPE_ACCELEROMETER,0.85473,2.092532,7.776367,
1753148632058,TYPE_ROTATION_VECTOR,0.105002,-0.054411,-0.540812,0.832789
1753148632058,TYPE_LINEAR_ACCELERATION,1.079762,-0.199679,-1.755973,
1753148632058,TYPE_ACCELEROMETER,1.053449,2.207454,7.762002,
1753148632058,TYPE_ROTATION_VECTOR,0.1073,-0.058388,-0.541627,0.831696
1753148632059,TYPE_LINEAR_ACCELERATION,1.240867,-0.163117,-1.751969,
1753148632077,TYPE_ACCELEROMETER,1.309628,2.296039,7.860164,
1753148632077,TYPE_ROTATION_VECTOR,0.107268,-0.058404,-0.541625,0.8317
1753148632077,TYPE_LINEAR_ACCELERATION,1.496443,-0.074186,-1.653905,
1753148632077,TYPE_MAGNETIC_FIELD,-39.419998,16.5,-13.259999,
1753148632077,TYPE_ACCELEROMETER,1.489193,2.293645,8.082825,
1753148632077,TYPE_ROTATION_VECTOR,0.107183,-0.062771,-0.543569,0.830123
1753148632078,TYPE_LINEAR_ACCELERATION,1.609894,-0.120661,-1.421224,
1753148632080,TYPE_ACCELEROMETER,1.606509,2.178724,8.408437,
1753148632080,TYPE_ROTATION_VECTOR,0.107183,-0.062771,-0.543569,0.830123
1753148632081,TYPE_LINEAR_ACCELERATION,1.72721,-0.235583,-1.095612,
1753148632091,TYPE_MAGNETIC_FIELD,-39.779999,16.379999,-13.5,
1753148632091,TYPE_ACCELEROMETER,1.666364,2.013524,8.746018,
1753148632092,TYPE_ROTATION_VECTOR,0.107177,-0.062776,-0.543568,0.830124
1753148632092,TYPE_LINEAR_ACCELERATION,1.786919,-0.400741,-0.758043,
1753148632096,TYPE_ACCELEROMETER,1.699883,1.781286,9.114726,
1753148632097,TYPE_ROTATION_VECTOR,0.10495,-0.065702,-0.547166,0.827815
1753148632097,TYPE_LINEAR_ACCELERATION,1.759423,-0.627792,-0.391229,
1753148632104,TYPE_ACCELEROMETER,1.711854,1.54426,9.459491,
1753148632105,TYPE_ROTATION_VECTOR,0.104881,-0.065756,-0.547159,0.827824
1753148632106,TYPE_LINEAR_ACCELERATION,1.769759,-0.864286,-0.046609,
1753148632494,TYPE_MAGNETIC_FIELD,-40.02,15.9,-13.799999,
1753148632494,TYPE_ACCELEROMETER,1.599327,1.414973,9.78989,
1753148632494,TYPE_ROTATION_VECTOR,0.101725,-0.066277,-0.551656,0.825188
1753148632495,TYPE_LINEAR_ACCELERATION,1.627298,-0.948516,0.272352,
1753148632495,TYPE_ACCELEROMETER,1.436521,1.314417,10.199299,
1753148632495,TYPE_ROTATION_VECTOR,0.101521,-0.066409,-0.551641,0.825213
1753148632496,TYPE_LINEAR_ACCELERATION,1.460078,-1.047226,0.681291,
1753148632496,TYPE_MAGNETIC_FIELD,-40.5,15.9,-13.2,
1753148632496,TYPE_ACCELEROMETER,1.297657,1.288081,10.565612,
1753148632496,TYPE_ROTATION_VECTOR,0.101217,-0.06658,-0.55162,0.82525
1753148632496,TYPE_LINEAR_ACCELERATION,1.315076,-1.070535,1.04684,
1753148632496,TYPE_ACCELEROMETER,1.079785,1.290475,10.900801,
1753148632496,TYPE_ROTATION_VECTOR,0.098209,-0.064495,-0.556484,0.822509
1753148632537,TYPE_LINEAR_ACCELERATION,1.111244,-0.997777,1.364905,
1753148632537,TYPE_ACCELEROMETER,0.823605,1.288081,11.073183,
1753148632537,TYPE_ROTATION_VECTOR,0.097708,-0.064716,-0.556458,0.822569
1753148632537,TYPE_LINEAR_ACCELERATION,0.845911,-0.994576,1.535921,
1753148632537,TYPE_MAGNETIC_FIELD,-41.16,15.96,-13.5,
1753148632537,TYPE_ACCELEROMETER,0.507571,1.264138,11.010934,
1753148632537,TYPE_ROTATION_VECTOR,0.096688,-0.061882,-0.561237,0.819655
1753148632537,TYPE_LINEAR_ACCELERATION,0.577071,-0.971414,1.462748,
1753148632549,TYPE_ACCELEROMETER,0.225055,1.285686,10.728417,
1753148632549,TYPE_ROTATION_VECTOR,0.096309,-0.061997,-0.561225,0.8197
1753148632550,TYPE_LINEAR_ACCELERATION,0.28844,-0.945102,1.179075,
1753148632550,TYPE_MAGNETIC_FIELD,-41.399998,15.599999,-13.139999,
1753148632550,TYPE_ACCELEROMETER,-0.047884,1.300052,10.13705,
1753148632550,TYPE_ROTATION_VECTOR,0.095945,-0.062074,-0.561217,0.819742
1753148632551,TYPE_LINEAR_ACCELERATION,0.010195,-0.925814,0.586524,
1753148632551,TYPE_ACCELEROMETER,-0.201113,1.357512,9.385271,
1753148632551,TYPE_ROTATION_VECTOR,0.097683,-0.060333,-0.565091,0.817001
1753148632551,TYPE_LINEAR_ACCELERATION,-0.08524,-0.876456,-0.162836,
1753148632551,TYPE_ACCELEROMETER,-0.282516,1.45328,8.75799,
1753148632551,TYPE_ROTATION_VECTOR,0.097275,-0.06037,-0.565089,0.817048
1753148632552,TYPE_LINEAR_ACCELERATION,-0.171823,-0.774658,-0.791587,
1753148632552,TYPE_MAGNETIC_FIELD,-41.639999,15.42,-12.96,
1753148632552,TYPE_ACCELEROMETER,-0.301669,1.61848,8.358158,
1753148632552,TYPE_ROTATION_VECTOR,0.099042,-0.06033,-0.567806,0.814952
1753148632552,TYPE_LINEAR_ACCELERATION,-0.162999,-0.636465,-1.184712,
1753148632552,TYPE_ACCELEROMETER,-0.23942,1.778892,8.073248,
1753148632552,TYPE_ROTATION_VECTOR,0.098837,-0.060334,-0.567808,0.814976
1753148632553,TYPE_LINEAR_ACCELERATION,-0.103107,-0.472865,-1.470409,
1753148632553,TYPE_MAGNETIC_FIELD,-42.119999,14.88,-13.559999,
1753148632553,TYPE_ACCELEROMETER,-0.057461,1.90339,7.982268,
1753148632553,TYPE_ROTATION_VECTOR,0.098711,-0.060337,-0.567808,0.814991
1753148632553,TYPE_LINEAR_ACCELERATION,0.077381,-0.34642,-1.561869,
1753148632553,TYPE_ACCELEROMETER,0.083797,2.0231,8.027759,
1753148632553,TYPE_ROTATION_VECTOR,0.099098,-0.06134,-0.569601,0.813617
1753148632554,TYPE_LINEAR_ACCELERATION,0.212047,-0.243554,-1.512484,
1753148632554,TYPE_ACCELEROMETER,0.225055,2.135628,8.078036,
1753148632554,TYPE_ROTATION_VECTOR,0.099062,-0.061345,-0.5696,0.813621
1753148632554,TYPE_LINEAR_ACCELERATION,0.352819,-0.130519,-1.462333,
1753148632554,TYPE_MAGNETIC_FIELD,-42.540001,14.88,-13.559999,
1753148632554,TYPE_ACCELEROMETER,0.344765,2.221819,8.137892,
1753148632554,TYPE_ROTATION_VECTOR,0.098762,-0.062153,-0.571069,0.812566
1753148632555,TYPE_LINEAR_ACCELERATION,0.460417,-0.048301,-1.401688,
1753148632555,TYPE_ACCELEROMETER,0.486023,2.281674,8.137892,
1753148632555,TYPE_ROTATION_VECTOR,0.098762,-0.062153,-0.571069,0.812566
1753148632555,TYPE_LINEAR_ACCELERATION,0.601675,0.011554,-1.401688,
1753148632555,TYPE_ACCELEROMETER,0.543484,2.305616,8.185776,
1753148632555,TYPE_MAGNETIC_FIELD,-43.079998,14.7,-13.92,
1753148632555,TYPE_ROTATION_VECTOR,0.098762,-0.062153,-0.571069,0.812566
1753148632556,TYPE_LINEAR_ACCELERATION,0.659136,0.035496,-1.353804,
1753148632556,TYPE_ACCELEROMETER,0.536301,2.355895,8.23366,
1753148632556,TYPE_ROTATION_VECTOR,0.098239,-0.062033,-0.572614,0.81155
1753148632556,TYPE_LINEAR_ACCELERATION,0.652213,0.095519,-1.30823,
1753148632556,TYPE_ACCELEROMETER,0.54109,2.377442,8.322245,
1753148632556,TYPE_ROTATION_VECTOR,0.098239,-0.062033,-0.572614,0.81155
1753148632556,TYPE_LINEAR_ACCELERATION,0.657001,0.117066,-1.219646,
1753148632556,TYPE_MAGNETIC_FIELD,-43.139999,15.179999,-14.34,
1753148632556,TYPE_ACCELEROMETER,0.533907,2.355895,8.401254,
1753148632557,TYPE_ROTATION_VECTOR,0.097388,-0.061576,-0.574382,0.810438
1753148632569,TYPE_LINEAR_ACCELERATION,0.652254,0.114189,-1.145009,
1753148632569,TYPE_ACCELEROMETER,0.512359,2.331953,8.513782,
1753148632569,TYPE_ROTATION_VECTOR,0.097388,-0.061576,-0.574382,0.810438
1753148632569,TYPE_LINEAR_ACCELERATION,0.630706,0.090247,-1.032481,
1753148632569,TYPE_MAGNETIC_FIELD,-43.200001,15.12,-14.46,
1753148632569,TYPE_ACCELEROMETER,0.45011,2.322376,8.566454,
1753148632569,TYPE_ROTATION_VECTOR,0.097388,-0.061576,-0.574382,0.810438
1753148632570,TYPE_LINEAR_ACCELERATION,0.568457,0.08067,-0.979809,
1753148632570,TYPE_ACCELEROMETER,0.339977,2.310405,8.616732,
1753148632570,TYPE_ROTATION_VECTOR,0.096275,-0.060996,-0.576023,0.809449
1753148632570,TYPE_LINEAR_ACCELERATION,0.459288,0.092837,-0.935155,
1753148632570,TYPE_ACCELEROMETER,0.208296,2.339135,8.688558,
1753148632570,TYPE_ROTATION_VECTOR,0.096275,-0.060996,-0.576023,0.809449
1753148632571,TYPE_LINEAR_ACCELERATION,0.327607,0.121568,-0.863329,
1753148632571,TYPE_MAGNETIC_FIELD,-43.619999,14.7,-14.639999,
1753148632571,TYPE_ACCELEROMETER,0.055067,2.375048,8.743625,
1753148632571,TYPE_ROTATION_VECTOR,0.095026,-0.060182,-0.577604,0.808531
1753148632571,TYPE_LINEAR_ACCELERATION,0.177233,0.186348,-0.814882,
1753148632571,TYPE_ACCELEROMETER,-0.064643,2.389413,8.753201,
1753148632571,TYPE_ROTATION_VECTOR,0.095026,-0.060182,-0.577604,0.808531
1753148632572,TYPE_LINEAR_ACCELERATION,0.057523,0.200713,-0.805305,
1753148632572,TYPE_MAGNETIC_FIELD,-43.860001,14.46,-15.0,
1753148632572,TYPE_ACCELEROMETER,-0.143652,2.391808,8.789114,
1753148632572,TYPE_ROTATION_VECTOR,0.095026,-0.060182,-0.577604,0.808531
1753148632572,TYPE_LINEAR_ACCELERATION,-0.021486,0.203107,-0.769393,
1753148632572,TYPE_ACCELEROMETER,-0.203507,2.389413,8.844181,
1753148632572,TYPE_ROTATION_VECTOR,0.093628,-0.058958,-0.57868,0.808015
1753148632572,TYPE_LINEAR_ACCELERATION,-0.075212,0.236449,-0.722359,
1753148632572,TYPE_ACCELEROMETER,-0.234632,2.406173,9.02614,
1753148632572,TYPE_ROTATION_VECTOR,0.093643,-0.059008,-0.578674,0.808013
1753148632573,TYPE_LINEAR_ACCELERATION,-0.106961,0.252406,-0.540226,
1753148632573,TYPE_MAGNETIC_FIELD,-44.399998,14.04,-14.94,
1753148632573,TYPE_ACCELEROMETER,-0.213084,2.451663,9.196129,
1753148632573,TYPE_ROTATION_VECTOR,0.091984,-0.057711,-0.579114,0.807982
1753148632573,TYPE_LINEAR_ACCELERATION,-0.082854,0.33848,-0.37925,
1753148632573,TYPE_ACCELEROMETER,-0.181959,2.504335,9.385271,
1753148632573,TYPE_ROTATION_VECTOR,0.092077,-0.05787,-0.579096,0.807973
1753148632573,TYPE_LINEAR_ACCELERATION,-0.053219,0.387905,-0.189411,
1753148632574,TYPE_LINEAR_ACCELERATION,0.033526,0.390549,-0.099847,
1753148632574,TYPE_MAGNETIC_FIELD,-44.399998,14.04,-14.88,
1753148632574,TYPE_ROTATION_VECTOR,0.092214,-0.058083,-0.579072,0.80796
1753148632574,TYPE_ACCELEROMETER,-0.093374,2.511518,9.473856,
1753148632574,TYPE_ACCELEROMETER,0.007183,2.559402,9.528923,
1753148632574,TYPE_ROTATION_VECTOR,0.090638,-0.056827,-0.578685,0.808505
1753148632574,TYPE_LINEAR_ACCELERATION,0.134782,0.477128,-0.05326,
1753148632574,TYPE_ACCELEROMETER,0.076614,2.676718,9.619903,
1753148632574,TYPE_ROTATION_VECTOR,0.09069,-0.056902,-0.578676,0.808499
1753148632574,TYPE_LINEAR_ACCELERATION,0.20362,0.592792,0.03807,
1753148632574,TYPE_MAGNETIC_FIELD,-44.279999,13.92,-15.059999,
1753148632574,TYPE_ACCELEROMETER,0.146046,2.772485,9.706094,
1753148632584,TYPE_ROTATION_VECTOR,0.089741,-0.056105,-0.577803,0.809285
1753148632585,TYPE_LINEAR_ACCELERATION,0.272503,0.712231,0.119136,
1753148632585,TYPE_ACCELEROMETER,0.158017,2.856283,9.775525,
1753148632585,TYPE_ROTATION_VECTOR,0.090162,-0.056706,-0.577736,0.809244
1753148632585,TYPE_LINEAR_ACCELERATION,0.279631,0.782679,0.191383,
1753148632585,TYPE_MAGNETIC_FIELD,-43.919998,14.04,-14.94,
1753148632585,TYPE_ACCELEROMETER,0.146046,2.906561,9.775525,
1753148632585,TYPE_ROTATION_VECTOR,0.090652,-0.057405,-0.577658,0.809196
1753148632585,TYPE_LINEAR_ACCELERATION,0.26204,0.817445,0.194683,
1753148632585,TYPE_ACCELEROMETER,0.102951,2.901772,9.770737,
1753148632585,TYPE_ROTATION_VECTOR,0.089999,-0.056301,-0.576661,0.810057
1753148632585,TYPE_LINEAR_ACCELERATION,0.226367,0.8351,0.185122,
1753148632585,TYPE_ACCELEROMETER,0.04549,2.844312,9.799467,
1753148632585,TYPE_ROTATION_VECTOR,0.090129,-0.056475,-0.576641,0.810045
1753148632586,TYPE_LINEAR_ACCELERATION,0.167573,0.773654,0.214695,
1753148632586,TYPE_MAGNETIC_FIELD,-44.099998,13.98,-15.42,
1753148632586,TYPE_ACCELEROMETER,0.019154,2.829947,9.888053,
1753148632586,TYPE_ROTATION_VECTOR,0.090368,-0.05616,-0.575654,0.810742
1753148632586,TYPE_LINEAR_ACCELERATION,0.146437,0.758909,0.303431,
1753148632586,TYPE_ACCELEROMETER,0.016759,2.834735,10.024523,
1753148632586,TYPE_ROTATION_VECTOR,0.091142,-0.057165,-0.575541,0.810665
1753148632586,TYPE_LINEAR_ACCELERATION,0.136683,0.740291,0.444893,
1753148632586,TYPE_MAGNETIC_FIELD,-43.799999,14.219999,-15.599999,
1753148632586,TYPE_ACCELEROMETER,0.033519,2.806004,10.184934,
1753148632586,TYPE_ROTATION_VECTOR,0.091826,-0.058048,-0.575441,0.810596
1753148632586,TYPE_LINEAR_ACCELERATION,0.147017,0.690966,0.609751,
1753148632586,TYPE_ACCELEROMETER,0.055067,2.782062,10.249578,
1753148632586,TYPE_ROTATION_VECTOR,0.092317,-0.057488,-0.574039,0.811574
1753148632587,TYPE_LINEAR_ACCELERATION,0.179376,0.665355,0.674898,
1753148632587,TYPE_ACCELEROMETER,0.095768,2.770091,10.311827,
1753148632587,TYPE_ROTATION_VECTOR,0.092818,-0.058189,-0.573959,0.811523
1753148632587,TYPE_LINEAR_ACCELERATION,0.214469,0.637688,0.74056,
1753148632587,TYPE_MAGNETIC_FIELD,-43.98,14.46,-15.96,
1753148632587,TYPE_ACCELEROMETER,0.155623,2.750938,10.402806,
1753148632587,TYPE_ROTATION_VECTOR,0.093611,-0.057637,-0.572277,0.812659
1753148632587,TYPE_LINEAR_ACCELERATION,0.287662,0.611939,0.833185,
1753148632587,TYPE_ACCELEROMETER,0.232238,2.746149,10.493786,
1753148632587,TYPE_ROTATION_VECTOR,0.093926,-0.058193,-0.572213,0.812627
1753148632587,TYPE_LINEAR_ACCELERATION,0.358866,0.59602,0.926587,
1753148632587,TYPE_MAGNETIC_FIELD,-44.099998,14.7,-16.5,
1753148632587,TYPE_ACCELEROMETER,0.356736,2.726996,10.544065,
1753148632587,TYPE_ROTATION_VECTOR,0.094159,-0.058687,-0.572157,0.812605
1753148632587,TYPE_LINEAR_ACCELERATION,0.478041,0.567728,0.978855,
1753148632587,TYPE_ACCELEROMETER,0.531513,2.731784,10.687716,
1753148632588,TYPE_ROTATION_VECTOR,0.094958,-0.058084,-0.570254,0.813891
1753148632588,TYPE_LINEAR_ACCELERATION,0.666385,0.566314,1.12409,
1753148632588,TYPE_ACCELEROMETER,0.675165,2.736573,10.752359,
1753148632588,TYPE_ROTATION_VECTOR,0.095036,-0.058472,-0.57021,0.813885
1753148632588,TYPE_LINEAR_ACCELERATION,0.804632,0.565577,1.189912,
1753148632588,TYPE_MAGNETIC_FIELD,-43.860001,14.639999,-16.619999,
1753148632599,TYPE_ACCELEROMETER,0.792481,2.698265,10.884041,
1753148632599,TYPE_ROTATION_VECTOR,0.095858,-0.058035,-0.568435,0.815062
1753148632600,TYPE_LINEAR_ACCELERATION,0.933451,0.518847,1.323672,
1753148632600,TYPE_ACCELEROMETER,0.926556,2.619257,11.001357,
1753148632600,TYPE_ROTATION_VECTOR,0.095844,-0.058268,-0.568408,0.815065
1753148632600,TYPE_LINEAR_ACCELERATION,1.063583,0.437488,1.441467,
1753148632600,TYPE_LINEAR_ACCELERATION,1.118757,0.407697,1.578145,
1753148632600,TYPE_MAGNETIC_FIELD,-44.219997,14.7,-17.1,
1753148632600,TYPE_ROTATION_VECTOR,0.095823,-0.058394,-0.568394,0.815068
1753148632600,TYPE_ACCELEROMETER,0.984017,2.590526,11.137826,
1753148632600,TYPE_ACCELEROMETER,0.991199,2.592921,11.240777,
1753148632600,TYPE_ROTATION_VECTOR,0.096806,-0.057946,-0.567196,0.815819
1753148632601,TYPE_LINEAR_ACCELERATION,1.140932,0.39931,1.683788,
1753148632601,TYPE_ACCELEROMETER,0.890643,2.647987,11.245565,
1753148632601,TYPE_ROTATION_VECTOR,0.096806,-0.057946,-0.567196,0.815818
1753148632601,TYPE_LINEAR_ACCELERATION,1.040376,0.454377,1.688577,
1753148632601,TYPE_MAGNETIC_FIELD,-43.739998,15.0,-17.76,
1753148632601,TYPE_ACCELEROMETER,0.718261,2.731784,11.152191,
1753148632601,TYPE_ROTATION_VECTOR,0.099062,-0.056745,-0.566461,0.816142
1753148632601,TYPE_LINEAR_ACCELERATION,0.910532,0.515625,1.601167,
1753148632601,TYPE_ACCELEROMETER,0.407014,2.918532,10.891224,
1753148632601,TYPE_ROTATION_VECTOR,0.099062,-0.056745,-0.566461,0.816142
1753148632601,TYPE_LINEAR_ACCELERATION,0.599286,0.702373,1.340199,
1753148632602,TYPE_LINEAR_ACCELERATION,0.218607,0.90588,0.892484,
1753148632602,TYPE_MAGNETIC_FIELD,-44.219997,14.88,-18.42,
1753148632602,TYPE_ROTATION_VECTOR,0.099062,-0.056745,-0.566461,0.816142
1753148632602,TYPE_ACCELEROMETER,0.026336,3.122039,10.443508,
1753148632602,TYPE_ACCELEROMETER,-0.383072,3.227384,9.892841,
1753148632602,TYPE_ROTATION_VECTOR,0.102849,-0.054222,-0.56601,0.816159
1753148632602,TYPE_LINEAR_ACCELERATION,-0.109278,0.979081,0.351324,
1753148632602,TYPE_ACCELEROMETER,-0.754174,3.294421,9.497798,
1753148632602,TYPE_ROTATION_VECTOR,0.10285,-0.054243,-0.566007,0.816159
1753148632602,TYPE_LINEAR_ACCELERATION,-0.4807,1.045878,-0.043673,
1753148632602,TYPE_MAGNETIC_FIELD,-44.34,15.0,-19.02,
1753148632602,TYPE_ACCELEROMETER,-1.022324,3.167529,9.167398,
1753148632602,TYPE_ROTATION_VECTOR,0.104978,-0.052127,-0.566111,0.815954
1753148632602,TYPE_LINEAR_ACCELERATION,-0.690945,0.908726,-0.369812,
1753148632624,TYPE_ACCELEROMETER,-1.154005,2.846706,9.126697,
1753148632624,TYPE_ROTATION_VECTOR,0.105016,-0.052201,-0.566102,0.815951
1753148632624,TYPE_LINEAR_ACCELERATION,-0.823406,0.586489,-0.410206,
1753148632624,TYPE_MAGNETIC_FIELD,-44.52,15.059999,-19.799999,
1753148632625,TYPE_ACCELEROMETER,-1.18513,2.434903,9.471462,
1753148632625,TYPE_ROTATION_VECTOR,0.105073,-0.052268,-0.566093,0.815945
1753148632625,TYPE_LINEAR_ACCELERATION,-0.854977,0.173043,-0.065066,
1753148632625,TYPE_ACCELEROMETER,-1.101333,2.051831,10.192117,
1753148632625,TYPE_ROTATION_VECTOR,0.101917,-0.052366,-0.5668,0.815848
1753148632625,TYPE_LINEAR_ACCELERATION,-0.806278,-0.161133,0.642974,
1753148632625,TYPE_ACCELEROMETER,-1.031901,1.553837,10.943896,
1753148632626,TYPE_ROTATION_VECTOR,0.101945,-0.052369,-0.566799,0.815845
1753148632626,TYPE_LINEAR_ACCELERATION,-0.736588,-0.659604,1.394873,
1753148632639,TYPE_MAGNETIC_FIELD,-44.459999,14.88,-19.92,
1753148632639,TYPE_ACCELEROMETER,-0.849942,1.091756,11.889606,
1753148632639,TYPE_ROTATION_VECTOR,0.094483,-0.052444,-0.567253,0.816423
1753148632640,TYPE_LINEAR_ACCELERATION,-0.638537,-1.004653,2.311988,
1753148632640,TYPE_ACCELEROMETER,-0.847547,0.845153,12.737153,
1753148632640,TYPE_ROTATION_VECTOR,0.094483,-0.052444,-0.567253,0.816423
1753148632640,TYPE_LINEAR_ACCELERATION,-0.636143,-1.251256,3.159535,
1753148632655,TYPE_MAGNETIC_FIELD,-43.860001,15.0,-20.039999,
1753148632655,TYPE_ACCELEROMETER,-0.675165,0.517148,13.491326,
1753148632655,TYPE_ROTATION_VECTOR,0.094483,-0.052444,-0.567253,0.816423
1753148632656,TYPE_LINEAR_ACCELERATION,-0.463761,-1.579261,3.913709,
1753148632657,TYPE_ACCELEROMETER,-0.624887,0.37589,13.982138,
1753148632657,TYPE_ROTATION_VECTOR,0.087696,-0.051174,-0.566584,0.817724
1753148632657,TYPE_LINEAR_ACCELERATION,-0.471099,-1.599275,4.377687,
1753148632664,TYPE_ACCELEROMETER,-0.648829,0.280122,14.276625,
1753148632665,TYPE_ROTATION_VECTOR,0.087696,-0.051174,-0.566584,0.817724
1753148632666,TYPE_LINEAR_ACCELERATION,-0.495041,-1.695043,4.672174,
1753148632669,TYPE_MAGNETIC_FIELD,-43.98,15.24,-20.279999,
1753148632673,TYPE_ACCELEROMETER,-0.636858,0.174777,14.135366,
1753148632673,TYPE_ROTATION_VECTOR,0.086155,-0.049449,-0.564422,0.819488
1753148632674,TYPE_LINEAR_ACCELERATION,-0.477882,-1.757393,4.522259,
1753148632681,TYPE_ACCELEROMETER,-0.624887,0.146046,13.479356,
1753148632681,TYPE_ROTATION_VECTOR,0.086155,-0.049449,-0.564422,0.819488
1753148632682,TYPE_LINEAR_ACCELERATION,-0.465911,-1.786123,3.866248,
1753148632690,TYPE_ACCELEROMETER,-0.651223,0.296881,12.591106,
1753148632690,TYPE_MAGNETIC_FIELD,-44.099998,15.24,-19.74,
1753148632690,TYPE_ROTATION_VECTOR,0.086155,-0.049449,-0.564422,0.819488
1753148632691,TYPE_LINEAR_ACCELERATION,-0.492247,-1.635288,2.977999,
1753148633071,TYPE_ACCELEROMETER,-0.593762,0.507571,11.554418,
1753148633072,TYPE_ROTATION_VECTOR,0.089644,-0.049237,-0.560682,0.82169
1753148633072,TYPE_LINEAR_ACCELERATION,-0.401472,-1.478599,1.952931,
1753148633072,TYPE_ACCELEROMETER,-0.471658,0.754174,10.654198,
1753148633072,TYPE_ROTATION_VECTOR,0.089644,-0.049237,-0.560682,0.82169
1753148633117,TYPE_LINEAR_ACCELERATION,-0.279368,-1.231996,1.052711,
1753148633117,TYPE_MAGNETIC_FIELD,-44.219997,15.54,-20.16,
1753148633117,TYPE_ACCELEROMETER,-0.318429,1.005565,9.969456,
1753148633117,TYPE_ROTATION_VECTOR,0.094334,-0.051113,-0.556,0.824229
1753148633117,TYPE_LINEAR_ACCELERATION,-0.116009,-1.076808,0.388582,
1753148633117,TYPE_ACCELEROMETER,-0.146046,1.204283,9.519346,
1753148633118,TYPE_ROTATION_VECTOR,0.094334,-0.051113,-0.556,0.824229
1753148633118,TYPE_LINEAR_ACCELERATION,0.056373,-0.878089,-0.061527,
1753148633118,TYPE_MAGNETIC_FIELD,-44.279999,15.839999,-20.639999,
1753148633118,TYPE_ACCELEROMETER,-0.143652,1.403002,8.985439,
1753148633118,TYPE_ROTATION_VECTOR,0.094334,-0.051113,-0.556,0.824229
1753148633118,TYPE_LINEAR_ACCELERATION,0.058768,-0.67937,-0.595434,
1753148633118,TYPE_ACCELEROMETER,-0.110133,1.611298,8.475474,
1753148633118,TYPE_ROTATION_VECTOR,0.099886,-0.053512,-0.551468,0.826464
1753148633119,TYPE_LINEAR_ACCELERATION,0.102835,-0.586606,-1.079329,
1753148633119,TYPE_ACCELEROMETER,-0.191536,1.810017,7.8865,
1753148633119,TYPE_ROTATION_VECTOR,0.099739,-0.053384,-0.551484,0.826479
1753148633132,TYPE_LINEAR_ACCELERATION,0.021932,-0.384163,-1.669147,
1753148633132,TYPE_MAGNETIC_FIELD,-43.739998,16.02,-20.879999,
1753148633132,TYPE_ACCELEROMETER,-0.258574,1.927332,7.424419,
1753148633133,TYPE_ROTATION_VECTOR,0.105639,-0.054892,-0.547858,0.828058
1753148633133,TYPE_LINEAR_ACCELERATION,-0.014954,-0.378177,-2.104257,
1753148633133,TYPE_ACCELEROMETER,-0.366313,2.001553,7.015011,
1753148633133,TYPE_ROTATION_VECTOR,0.105418,-0.054701,-0.547883,0.828081
1753148633133,TYPE_LINEAR_ACCELERATION,-0.121926,-0.298393,-2.51499,
1753148633133,TYPE_MAGNETIC_FIELD,-43.259998,15.9,-22.08,
1753148633133,TYPE_ACCELEROMETER,-0.493206,1.987187,6.679823,
1753148633133,TYPE_ROTATION_VECTOR,0.105324,-0.054608,-0.547895,0.828091
1753148633134,TYPE_LINEAR_ACCELERATION,-0.248304,-0.310265,-2.850766,
1753148633134,TYPE_ACCELEROMETER,-0.577003,1.934515,6.509834,
1753148633134,TYPE_ROTATION_VECTOR,0.109079,-0.056855,-0.54595,0.828739
1753148633134,TYPE_LINEAR_ACCELERATION,-0.333128,-0.447289,-3.000051,
1753148633134,TYPE_ACCELEROMETER,-0.605733,1.82917,6.787562,
1753148633134,TYPE_ROTATION_VECTOR,0.109079,-0.056855,-0.54595,0.828739
1753148633135,TYPE_LINEAR_ACCELERATION,-0.361858,-0.552634,-2.722324,
1753148633135,TYPE_MAGNETIC_FIELD,-43.619999,15.78,-22.619999,
1753148633135,TYPE_ACCELEROMETER,-0.600945,1.719037,7.426814,
1753148633135,TYPE_ROTATION_VECTOR,0.108233,-0.060209,-0.5455,0.828909
1753148633135,TYPE_LINEAR_ACCELERATION,-0.421808,-0.684763,-2.078976,
1753148633135,TYPE_ACCELEROMETER,-0.54109,1.649605,8.164227,
1753148633135,TYPE_ROTATION_VECTOR,0.108233,-0.060209,-0.5455,0.828909
1753148633136,TYPE_LINEAR_ACCELERATION,-0.361953,-0.754195,-1.341562,
1753148633136,TYPE_ACCELEROMETER,-0.435745,1.563414,9.018958,
1753148633136,TYPE_MAGNETIC_FIELD,-43.439999,15.54,-22.799999,
1753148633136,TYPE_ROTATION_VECTOR,0.108233,-0.060209,-0.5455,0.828909
1753148633136,TYPE_LINEAR_ACCELERATION,-0.256608,-0.840386,-0.486832,
1753148633136,TYPE_ACCELEROMETER,-0.272939,1.434127,9.629479,
1753148633136,TYPE_ROTATION_VECTOR,0.104759,-0.063042,-0.54591,0.828875
1753148633136,TYPE_LINEAR_ACCELERATION,-0.176138,-0.943934,0.116023,
1753148633136,TYPE_ACCELEROMETER,-0.059855,1.261744,9.983821,
1753148633136,TYPE_ROTATION_VECTOR,0.104757,-0.063038,-0.54591,0.828875
1753148633137,TYPE_LINEAR_ACCELERATION,0.036977,-1.116251,0.470348,
1753148633137,TYPE_MAGNETIC_FIELD,-43.799999,15.36,-23.219999,
1753148633137,TYPE_ACCELEROMETER,0.114922,1.072602,10.254366,
1753148633137,TYPE_ROTATION_VECTOR,0.101777,-0.063911,-0.546739,0.828633
1753148633137,TYPE_LINEAR_ACCELERATION,0.167622,-1.266835,0.730992,
1753148633137,TYPE_ACCELEROMETER,0.196325,0.986411,10.381259,
1753148633137,TYPE_ROTATION_VECTOR,0.10169,-0.063817,-0.546751,0.828643
1753148633138,TYPE_LINEAR_ACCELERATION,0.24963,-1.350654,0.857306,
1753148633138,TYPE_MAGNETIC_FIELD,-44.040001,15.36,-23.519999,
1753148633138,TYPE_ACCELEROMETER,0.363919,0.814029,10.766725,
1753148633138,TYPE_ROTATION_VECTOR,0.101526,-0.063675,-0.546768,0.828663
1753148633138,TYPE_LINEAR_ACCELERATION,0.41777,-1.518905,1.241762,
1753148633138,TYPE_ACCELEROMETER,0.380678,0.663194,11.171345,
1753148633138,TYPE_ROTATION_VECTOR,0.098993,-0.062329,-0.548353,0.828024
1753148633138,TYPE_LINEAR_ACCELERATION,0.433103,-1.614837,1.633094,
1753148633138,TYPE_ACCELEROMETER,0.270545,0.61531,11.446678,
1753148633151,TYPE_ROTATION_VECTOR,0.098609,-0.062076,-0.548384,0.828069
1753148633152,TYPE_LINEAR_ACCELERATION,0.322959,-1.653869,1.906318,
1753148633152,TYPE_MAGNETIC_FIELD,-43.919998,15.42,-23.639999,
1753148633152,TYPE_ACCELEROMETER,0.069432,0.639252,11.540052,
1753148633152,TYPE_ROTATION_VECTOR,0.098042,-0.059318,-0.550372,0.827019
1753148633152,TYPE_LINEAR_ACCELERATION,0.165579,-1.59136,1.990941,
1753148633152,TYPE_ACCELEROMETER,-0.25618,0.761356,11.394006,
1753148633152,TYPE_ROTATION_VECTOR,0.097771,-0.059149,-0.550392,0.827049
1753148633153,TYPE_LINEAR_ACCELERATION,-0.160205,-1.463125,1.843463,
1753148633153,TYPE_MAGNETIC_FIELD,-44.099998,15.0,-23.939999,
1753148633153,TYPE_ACCELEROMETER,-0.577003,0.902614,10.793061,
1753148633153,TYPE_ROTATION_VECTOR,0.097534,-0.058984,-0.550412,0.827076
1753148633153,TYPE_LINEAR_ACCELERATION,-0.480895,-1.316304,1.241226,
1753148633153,TYPE_ACCELEROMETER,-0.80924,1.04866,9.938332,
1753148633153,TYPE_ROTATION_VECTOR,0.101215,-0.055335,-0.551809,0.825954
1753148633154,TYPE_LINEAR_ACCELERATION,-0.610221,-1.18987,0.392665,
1753148633154,TYPE_ACCELEROMETER,-0.938527,1.144428,9.215282,
1753148633154,TYPE_ROTATION_VECTOR,0.100919,-0.0551,-0.551839,0.825986
1753148633154,TYPE_LINEAR_ACCELERATION,-0.73888,-1.086856,-0.332067,
1753148633154,TYPE_MAGNETIC_FIELD,-44.459999,15.059999,-24.48,
1753148633154,TYPE_ACCELEROMETER,-1.029507,1.235408,8.482656,
1753148633154,TYPE_ROTATION_VECTOR,0.105976,-0.051928,-0.552576,0.825065
1753148633154,TYPE_LINEAR_ACCELERATION,-0.721264,-1.042306,-1.050832,
1753148633154,TYPE_ACCELEROMETER,-1.067814,1.326388,7.862558,
1753148633154,TYPE_ROTATION_VECTOR,0.105699,-0.05167,-0.552611,0.825094
1753148633155,TYPE_LINEAR_ACCELERATION,-0.758362,-0.944138,-1.672605,
1753148633155,TYPE_MAGNETIC_FIELD,-44.700001,14.82,-24.359999,
1753148633155,TYPE_ACCELEROMETER,-1.11091,1.386243,7.393295,
1753148633155,TYPE_ROTATION_VECTOR,0.105547,-0.051499,-0.552633,0.825109
1753148633155,TYPE_LINEAR_ACCELERATION,-0.800302,-0.880029,-2.142843,
1753148633155,TYPE_ACCELEROMETER,-1.218649,1.501164,7.046135,
1753148633155,TYPE_ROTATION_VECTOR,0.10972,-0.050329,-0.552988,0.824399
1753148633155,TYPE_LINEAR_ACCELERATION,-0.842418,-0.818781,-2.47472,
1753148633155,TYPE_ACCELEROMETER,-1.233014,1.640028,6.859388,
1753148633156,TYPE_ROTATION_VECTOR,0.10972,-0.050329,-0.552988,0.824399
1753148633156,TYPE_LINEAR_ACCELERATION,-0.856783,-0.679917,-2.661468,
1753148633156,TYPE_MAGNETIC_FIELD,-44.399998,14.34,-24.6,
1753148633156,TYPE_ACCELEROMETER,-1.163582,1.776498,6.777985,
1753148633156,TYPE_ROTATION_VECTOR,0.111746,-0.050489,-0.553039,0.824082
1753148633156,TYPE_LINEAR_ACCELERATION,-0.767538,-0.577306,-2.733752,
1753148633156,TYPE_ACCELEROMETER,-1.096544,1.912967,6.833052,
1753148633156,TYPE_ROTATION_VECTOR,0.111746,-0.050489,-0.553039,0.824082
1753148633157,TYPE_LINEAR_ACCELERATION,-0.7005,-0.440836,-2.678685,
1753148633157,TYPE_LINEAR_ACCELERATION,-0.65501,-0.299578,-2.597282,
1753148633157,TYPE_MAGNETIC_FIELD,-44.52,13.98,-25.26,
1753148633157,TYPE_ROTATION_VECTOR,0.111746,-0.050489,-0.553039,0.824082
1753148633157,TYPE_ACCELEROMETER,-1.051055,2.054225,6.914454,
1753148633157,TYPE_ACCELEROMETER,-0.995988,2.135628,7.005434,
1753148633157,TYPE_ROTATION_VECTOR,0.111546,-0.051448,-0.552921,0.824129
1753148633157,TYPE_LINEAR_ACCELERATION,-0.617907,-0.225328,-2.505261,
1753148633169,TYPE_ACCELEROMETER,-0.926556,2.193089,7.127539,
1753148633169,TYPE_ROTATION_VECTOR,0.111546,-0.051448,-0.552921,0.824129
1753148633170,TYPE_LINEAR_ACCELERATION,-0.548475,-0.167867,-2.383157,
1753148633170,TYPE_MAGNETIC_FIELD,-44.399998,13.259999,-25.559999,
1753148633170,TYPE_ACCELEROMETER,-0.826,2.224213,7.275979,
1753148633170,TYPE_ROTATION_VECTOR,0.110216,-0.05227,-0.552777,0.824353
1753148633170,TYPE_LINEAR_ACCELERATION,-0.476184,-0.124491,-2.238831,
1753148633170,TYPE_ACCELEROMETER,-0.73502,2.267309,7.443573,
1753148633171,TYPE_ROTATION_VECTOR,0.110216,-0.05227,-0.552777,0.824353
1753148633171,TYPE_LINEAR_ACCELERATION,-0.385204,-0.081396,-2.071237,
1753148633171,TYPE_MAGNETIC_FIELD,-44.579998,13.08,-26.58,
1753148633171,TYPE_ACCELEROMETER,-0.684742,2.267309,7.64708,
1753148633171,TYPE_ROTATION_VECTOR,0.110216,-0.05227,-0.552777,0.824353
1753148633171,TYPE_LINEAR_ACCELERATION,-0.334926,-0.081396,-1.867729,
1753148633171,TYPE_ACCELEROMETER,-0.701501,2.303222,8.015787,
1753148633172,TYPE_ROTATION_VECTOR,0.107723,-0.052978,-0.552842,0.824594
1753148633172,TYPE_LINEAR_ACCELERATION,-0.390279,-0.013425,-1.508218,
1753148633172,TYPE_ACCELEROMETER,-0.775721,2.322376,8.379706,
1753148633172,TYPE_ROTATION_VECTOR,0.107723,-0.052978,-0.552842,0.824594
1753148633172,TYPE_LINEAR_ACCELERATION,-0.4645,0.005728,-1.144299,
1753148633172,TYPE_MAGNETIC_FIELD,-45.059998,12.78,-27.299999,
1753148633172,TYPE_ACCELEROMETER,-0.785298,2.305616,8.743625,
1753148633172,TYPE_ROTATION_VECTOR,0.103948,-0.054329,-0.553325,0.824667
1753148633173,TYPE_LINEAR_ACCELERATION,-0.535933,0.034712,-0.793209,
1753148633173,TYPE_ACCELEROMETER,-0.744597,2.286463,9.093178,
1753148633173,TYPE_ROTATION_VECTOR,0.103948,-0.054329,-0.553325,0.824667
1753148633173,TYPE_LINEAR_ACCELERATION,-0.495231,0.015558,-0.443656,
1753148633173,TYPE_ACCELEROMETER,-0.770933,2.264915,9.366117,
1753148633173,TYPE_MAGNETIC_FIELD,-45.059998,13.139999,-27.359999,
1753148633173,TYPE_ROTATION_VECTOR,0.103948,-0.054329,-0.553325,0.824667
1753148633173,TYPE_LINEAR_ACCELERATION,-0.521567,-0.00599,-0.170716,
1753148633173,TYPE_ACCELEROMETER,-0.751779,2.248155,9.698911,
1753148633173,TYPE_ROTATION_VECTOR,0.099726,-0.056158,-0.553834,0.824724
1753148633174,TYPE_LINEAR_ACCELERATION,-0.576893,0.025012,0.149176,
1753148633174,TYPE_ACCELEROMETER,-0.701501,2.1883,10.105926,
1753148633174,TYPE_ROTATION_VECTOR,0.099729,-0.056155,-0.553834,0.824723
1753148633174,TYPE_LINEAR_ACCELERATION,-0.526535,-0.034853,0.556195,
1753148633174,TYPE_MAGNETIC_FIELD,-45.18,13.08,-27.779999,
1753148633174,TYPE_ACCELEROMETER,-0.622492,2.157176,10.512939,
1753148633174,TYPE_ROTATION_VECTOR,0.095614,-0.058116,-0.554191,0.824835
1753148633175,TYPE_LINEAR_ACCELERATION,-0.523392,-0.02134,0.951839,
1753148633175,TYPE_ACCELEROMETER,-0.562637,2.1883,10.879252,
1753148633175,TYPE_ROTATION_VECTOR,0.096019,-0.057579,-0.554249,0.824787
1753148633176,TYPE_LINEAR_ACCELERATION,-0.4503,0.009096,1.318456,
1753148633176,TYPE_MAGNETIC_FIELD,-45.059998,12.9,-27.18,
1753148633176,TYPE_ACCELEROMETER,-0.47884,2.226608,11.207258,
1753148633176,TYPE_ROTATION_VECTOR,0.096515,-0.056807,-0.554333,0.824726
1753148633176,TYPE_LINEAR_ACCELERATION,-0.3484,0.047799,1.646601,
1753148633176,TYPE_ACCELEROMETER,-0.371101,2.25055,11.449073,
1753148633176,TYPE_ROTATION_VECTOR,0.093378,-0.058386,-0.554558,0.824825
1753148633186,TYPE_LINEAR_ACCELERATION,-0.299993,0.104869,1.880301,
1753148633186,TYPE_ACCELEROMETER,-0.263362,2.317587,11.542446,
1753148633186,TYPE_ROTATION_VECTOR,0.093744,-0.057704,-0.554632,0.824782
1753148633186,TYPE_LINEAR_ACCELERATION,-0.177057,0.173407,1.973463,
1753148633186,TYPE_MAGNETIC_FIELD,-45.360001,13.259999,-27.24,
1753148633186,TYPE_ACCELEROMETER,-0.126893,2.358289,11.573571,
1753148633186,TYPE_ROTATION_VECTOR,0.091379,-0.060116,-0.554722,0.824815
1753148633187,TYPE_LINEAR_ACCELERATION,-0.105207,0.225961,2.001576,
1753148633187,TYPE_ACCELEROMETER,0.007183,2.394202,11.571177,
1753148633187,TYPE_ROTATION_VECTOR,0.0915,-0.059845,-0.554752,0.824801
1753148633187,TYPE_LINEAR_ACCELERATION,0.034636,0.262848,1.99898,
1753148633187,TYPE_LINEAR_ACCELERATION,0.190374,0.318466,1.929433,
1753148633187,TYPE_MAGNETIC_FIELD,-45.779999,13.02,-27.42,
1753148633187,TYPE_ROTATION_VECTOR,0.091548,-0.059724,-0.554765,0.824796
1753148633187,TYPE_ACCELEROMETER,0.160412,2.449268,11.501745,
1753148633187,TYPE_ACCELEROMETER,0.268151,2.552219,11.432313,
1753148633188,TYPE_ROTATION_VECTOR,0.089841,-0.062464,-0.554921,0.824675
1753148633188,TYPE_LINEAR_ACCELERATION,0.235643,0.419228,1.860497,
1753148633188,TYPE_ACCELEROMETER,0.354342,2.676718,11.312603,
1753148633188,TYPE_ROTATION_VECTOR,0.089841,-0.062464,-0.554921,0.824675
1753148633189,TYPE_LINEAR_ACCELERATION,0.321835,0.543727,1.740787,
1753148633189,TYPE_MAGNETIC_FIELD,-45.959999,13.02,-26.939999,
1753148633189,TYPE_ACCELEROMETER,0.373495,2.760514,11.168951,
1753148633189,TYPE_ROTATION_VECTOR,0.089166,-0.06449,-0.555615,0.824125
1753148633189,TYPE_LINEAR_ACCELERATION,0.30277,0.616473,1.599809,
1753148633189,TYPE_ACCELEROMETER,0.378284,2.837129,10.998962,
1753148633189,TYPE_ROTATION_VECTOR,0.089166,-0.06449,-0.555615,0.824125
1753148633189,TYPE_LINEAR_ACCELERATION,0.307558,0.693088,1.42982,
1753148633189,TYPE_MAGNETIC_FIELD,-46.439999,12.78,-27.84,
1753148633189,TYPE_ACCELEROMETER,0.335188,2.837129,10.84334,
1753148633189,TYPE_ROTATION_VECTOR,0.089166,-0.06449,-0.555615,0.824125
1753148633190,TYPE_LINEAR_ACCELERATION,0.264463,0.693088,1.274198,
1753148633190,TYPE_ACCELEROMETER,0.248997,2.827552,10.704475,
1753148633190,TYPE_ROTATION_VECTOR,0.089417,-0.065357,-0.557044,0.823064
1753148633190,TYPE_LINEAR_ACCELERATION,0.170867,0.670036,1.13842,
1753148633190,TYPE_ACCELEROMETER,0.062249,2.858677,10.596737,
1753148633190,TYPE_ROTATION_VECTOR,0.089417,-0.065357,-0.557044,0.823064
1753148633190,TYPE_LINEAR_ACCELERATION,-0.01588,0.701161,1.030682,
1753148633190,TYPE_MAGNETIC_FIELD,-46.559998,12.36,-27.9,
1753148633216,TYPE_ACCELEROMETER,-0.114922,2.786851,10.500969,
1753148633216,TYPE_ROTATION_VECTOR,0.090251,-0.065184,-0.55935,0.821422
1753148633217,TYPE_LINEAR_ACCELERATION,-0.174974,0.617722,0.937409,
1753148633217,TYPE_ACCELEROMETER,-0.54109,2.837129,10.278308,
1753148633217,TYPE_ROTATION_VECTOR,0.090251,-0.065184,-0.55935,0.821422
1753148633218,TYPE_LINEAR_ACCELERATION,-0.601142,0.668,0.714748,
1753148633218,TYPE_MAGNETIC_FIELD,-46.919998,12.24,-28.439999,
1753148633218,TYPE_ACCELEROMETER,-0.828394,2.839523,10.223241,
1753148633218,TYPE_ROTATION_VECTOR,0.090251,-0.065184,-0.55935,0.821422
1753148633218,TYPE_LINEAR_ACCELERATION,-0.888446,0.670395,0.659681,
1753148633218,TYPE_ACCELEROMETER,-1.043872,2.753332,10.187328,
1753148633233,TYPE_ROTATION_VECTOR,0.089809,-0.065414,-0.561937,0.819684
1753148633234,TYPE_LINEAR_ACCELERATION,-1.105682,0.588537,0.622798,
1753148633234,TYPE_ACCELEROMETER,-1.055843,2.592921,10.390836,
1753148633234,TYPE_ROTATION_VECTOR,0.08982,-0.065409,-0.561937,0.819683
1753148633234,TYPE_LINEAR_ACCELERATION,-1.117451,0.428005,0.826332,
1753148633234,TYPE_MAGNETIC_FIELD,-47.16,11.7,-29.099998,
1753148633234,TYPE_ACCELEROMETER,-0.873884,2.310405,10.836157,
1753148633234,TYPE_ROTATION_VECTOR,0.085729,-0.066585,-0.563611,0.818877
1753148633235,TYPE_LINEAR_ACCELERATION,-0.995632,0.197473,1.260611,
1753148633252,TYPE_ACCELEROMETER,-0.418985,1.944092,11.425131,
1753148633252,TYPE_ROTATION_VECTOR,0.085729,-0.066585,-0.563611,0.818877
1753148633253,TYPE_LINEAR_ACCELERATION,-0.540734,-0.168839,1.849585,
1753148633254,TYPE_LINEAR_ACCELERATION,0.084153,-0.547123,2.565451,
1753148633254,TYPE_MAGNETIC_FIELD,-46.919998,11.759999,-29.099998,
1753148633254,TYPE_ROTATION_VECTOR,0.085729,-0.066585,-0.563611,0.818877
1753148633254,TYPE_ACCELEROMETER,0.205901,1.565808,12.140997,
1753148633256,TYPE_ACCELEROMETER,0.727837,1.371878,12.840104,
1753148633256,TYPE_ROTATION_VECTOR,0.079393,-0.067494,-0.563767,0.819334
1753148633256,TYPE_LINEAR_ACCELERATION,0.5211,-0.650266,3.246429,
1753148633264,TYPE_ACCELEROMETER,1.118092,1.285686,13.450625,
1753148633264,TYPE_ROTATION_VECTOR,0.079393,-0.067494,-0.563767,0.819334
1753148633265,TYPE_LINEAR_ACCELERATION,0.911355,-0.736458,3.856951,
1753148633273,TYPE_MAGNETIC_FIELD,-47.279999,11.82,-29.4,
1753148633273,TYPE_ACCELEROMETER,1.831564,1.043872,13.986926,
1753148633273,TYPE_ROTATION_VECTOR,0.075308,-0.066061,-0.562775,0.820518
1753148633274,TYPE_LINEAR_ACCELERATION,1.599674,-0.897235,4.377102,
1753148633646,TYPE_ACCELEROMETER,2.035071,0.976834,14.164097,
1753148633646,TYPE_ROTATION_VECTOR,0.075308,-0.066061,-0.562775,0.820518
1753148633647,TYPE_LINEAR_ACCELERATION,1.803182,-0.964273,4.554273,
1753148633647,TYPE_MAGNETIC_FIELD,-47.34,11.46,-29.34,
1753148633647,TYPE_ACCELEROMETER,1.73819,1.067814,13.81215,
1753148633647,TYPE_ROTATION_VECTOR,0.075308,-0.066061,-0.562775,0.820518
1753148633647,TYPE_LINEAR_ACCELERATION,1.506301,-0.873293,4.202326,
1753148633647,TYPE_ACCELEROMETER,1.240196,1.187524,12.873623,
1753148633647,TYPE_ROTATION_VECTOR,0.078194,-0.062556,-0.562225,0.820899
1753148633648,TYPE_LINEAR_ACCELERATION,1.095258,-0.761258,3.263647,
1753148633648,TYPE_ACCELEROMETER,0.56982,1.312023,11.3964,
1753148633648,TYPE_ROTATION_VECTOR,0.078194,-0.062556,-0.562225,0.820899
1753148633689,TYPE_LINEAR_ACCELERATION,0.424881,-0.63676,1.786425,
1753148633689,TYPE_MAGNETIC_FIELD,-47.219997,11.759999,-29.039999,
1753148633689,TYPE_ACCELEROMETER,0.088585,1.285686,9.955091,
1753148633689,TYPE_ROTATION_VECTOR,0.087093,-0.059573,-0.561805,0.820513
1753148633690,TYPE_LINEAR_ACCELERATION,0.089531,-0.772323,0.366817,
1753148633690,TYPE_ACCELEROMETER,-0.497994,1.443704,8.822633,
1753148633690,TYPE_ROTATION_VECTOR,0.087093,-0.059573,-0.561805,0.820513
1753148633690,TYPE_LINEAR_ACCELERATION,-0.497048,-0.614305,-0.76564,
1753148633690,TYPE_LINEAR_ACCELERATION,-0.944764,-0.48023,-1.567698,
1753148633690,TYPE_MAGNETIC_FIELD,-47.879997,11.16,-29.459999,
1753148633690,TYPE_ROTATION_VECTOR,0.087093,-0.059573,-0.561805,0.820513
1753148633690,TYPE_ACCELEROMETER,-0.94571,1.577779,8.020576,
1753148633702,TYPE_ACCELEROMETER,-1.218649,1.68073,7.132327,
1753148633702,TYPE_ROTATION_VECTOR,0.09627,-0.059657,-0.561098,0.819965
1753148633703,TYPE_LINEAR_ACCELERATION,-1.118616,-0.524027,-2.422746,
1753148633703,TYPE_ACCELEROMETER,-1.347936,1.805228,6.550536,
1753148633703,TYPE_ROTATION_VECTOR,0.0961,-0.059539,-0.561112,0.819983
1753148633704,TYPE_LINEAR_ACCELERATION,-1.247872,-0.395556,-3.005454,
1753148633704,TYPE_MAGNETIC_FIELD,-47.52,10.2,-29.82,
1753148633704,TYPE_ACCELEROMETER,-1.323994,1.953669,6.375759,
1753148633704,TYPE_ROTATION_VECTOR,0.101645,-0.062118,-0.5595,0.820225
1753148633704,TYPE_LINEAR_ACCELERATION,-1.207891,-0.363188,-3.152572,
1753148633704,TYPE_ACCELEROMETER,-0.998382,2.070984,6.58166,
1753148633705,TYPE_ROTATION_VECTOR,0.1016,-0.062037,-0.55951,0.82023
1753148633705,TYPE_LINEAR_ACCELERATION,-0.881453,-0.244278,-2.947048,
1753148633705,TYPE_ACCELEROMETER,-0.560243,2.106898,7.261614,
1753148633705,TYPE_MAGNETIC_FIELD,-47.399998,9.599999,-30.42,
1753148633705,TYPE_ROTATION_VECTOR,0.101589,-0.062007,-0.559514,0.820231
1753148633705,TYPE_LINEAR_ACCELERATION,-0.442944,-0.207863,-2.267211,
1753148633705,TYPE_ACCELEROMETER,0.067038,2.011129,8.080431,
1753148633706,TYPE_ROTATION_VECTOR,0.101468,-0.066952,-0.557326,0.821346
1753148633706,TYPE_LINEAR_ACCELERATION,0.09764,-0.355303,-1.436368,
1753148633706,TYPE_ACCELEROMETER,0.620098,1.87466,8.719683,
1753148633706,TYPE_ROTATION_VECTOR,0.101465,-0.066946,-0.557327,0.821346
1753148633706,TYPE_LINEAR_ACCELERATION,0.650755,-0.491662,-0.797143,
1753148633706,TYPE_MAGNETIC_FIELD,-47.579998,8.7,-31.139999,
1753148633706,TYPE_ACCELEROMETER,1.163582,1.759738,9.076419,
1753148633706,TYPE_ROTATION_VECTOR,0.10004,-0.071612,-0.555495,0.822368
1753148633707,TYPE_LINEAR_ACCELERATION,1.098473,-0.634062,-0.433358,
1753148633707,TYPE_ACCELEROMETER,1.568202,1.661576,9.224859,
1753148633707,TYPE_ROTATION_VECTOR,0.100018,-0.071605,-0.555496,0.822371
1753148633707,TYPE_LINEAR_ACCELERATION,1.50297,-0.731794,-0.285026,
1753148633707,TYPE_ACCELEROMETER,1.884237,1.563414,9.318233,
1753148633707,TYPE_MAGNETIC_FIELD,-47.399998,8.16,-31.559999,
1753148633707,TYPE_ROTATION_VECTOR,0.099973,-0.071606,-0.555495,0.822376
1753148633708,TYPE_LINEAR_ACCELERATION,1.818487,-0.829257,-0.191824,
1753148633708,TYPE_ACCELEROMETER,2.145205,1.393425,9.44752,
1753148633708,TYPE_ROTATION_VECTOR,0.099329,-0.07352,-0.554845,0.822725
1753148633708,TYPE_LINEAR_ACCELERATION,2.039783,-1.009451,-0.059607,
1753148633708,TYPE_ACCELEROMETER,2.193089,1.211466,9.548077,
1753148633708,TYPE_ROTATION_VECTOR,0.099201,-0.073555,-0.55484,0.82274
1753148633709,TYPE_LINEAR_ACCELERATION,2.085677,-1.189753,0.040553,
1753148633709,TYPE_MAGNETIC_FIELD,-47.459999,7.56,-31.619999,
1753148633709,TYPE_ACCELEROMETER,2.171541,1.060631,9.797073,
1753148633709,TYPE_ROTATION_VECTOR,0.098926,-0.072706,-0.555836,0.822176
1753148633709,TYPE_LINEAR_ACCELERATION,2.07758,-1.327243,0.286048,
1753148633709,TYPE_ACCELEROMETER,1.924938,1.017536,10.072407,
1753148633709,TYPE_ROTATION_VECTOR,0.098644,-0.072798,-0.555823,0.822211
1753148633710,TYPE_LINEAR_ACCELERATION,1.826347,-1.366823,0.560546,
1753148633710,TYPE_LINEAR_ACCELERATION,1.427895,-1.285595,0.691133,
1753148633710,TYPE_MAGNETIC_FIELD,-47.399998,7.14,-31.5,
1753148633710,TYPE_ROTATION_VECTOR,0.09828,-0.072906,-0.555808,0.822255
1753148633723,TYPE_ACCELEROMETER,1.532289,1.09415,10.204087,
1753148633723,TYPE_ACCELEROMETER,1.086968,1.225831,10.053253,
1753148633724,TYPE_ROTATION_VECTOR,0.099492,-0.070164,-0.558015,0.820852
1753148633724,TYPE_LINEAR_ACCELERATION,1.046245,-1.143872,0.537308,
1753148633724,TYPE_ACCELEROMETER,0.667982,1.321599,9.672575,
1753148633724,TYPE_ROTATION_VECTOR,0.099073,-0.070272,-0.558001,0.820903
1753148633725,TYPE_LINEAR_ACCELERATION,0.620846,-1.042608,0.155292,
1753148633725,TYPE_MAGNETIC_FIELD,-47.459999,6.96,-31.74,
1753148633725,TYPE_ACCELEROMETER,0.387861,1.405396,9.088389,
1753148633725,TYPE_ROTATION_VECTOR,0.102659,-0.067465,-0.560163,0.819224
1753148633725,TYPE_LINEAR_ACCELERATION,0.431735,-0.985312,-0.422288,
1753148633725,TYPE_ACCELEROMETER,0.160412,1.446098,8.384495,
1753148633725,TYPE_ROTATION_VECTOR,0.102377,-0.067524,-0.560156,0.819259
1753148633726,TYPE_LINEAR_ACCELERATION,0.200183,-0.940784,-1.127161,
1753148633726,TYPE_MAGNETIC_FIELD,-47.34,6.66,-31.26,
1753148633726,TYPE_ACCELEROMETER,0.064643,1.56102,7.876924,
1753148633726,TYPE_ROTATION_VECTOR,0.102213,-0.067554,-0.560153,0.819279
1753148633726,TYPE_LINEAR_ACCELERATION,0.102099,-0.823591,-1.635312,
1753148633726,TYPE_ACCELEROMETER,0.033519,1.704672,7.532158,
1753148633726,TYPE_ROTATION_VECTOR,0.106236,-0.065687,-0.561697,0.81786
1753148633727,TYPE_LINEAR_ACCELERATION,0.150223,-0.723113,-1.968506,
1753148633727,TYPE_ACCELEROMETER,0.055067,1.848324,7.309498,
1753148633727,TYPE_ROTATION_VECTOR,0.106236,-0.065687,-0.561697,0.81786
1753148633727,TYPE_LINEAR_ACCELERATION,0.171771,-0.579461,-2.191167,
1753148633727,TYPE_MAGNETIC_FIELD,-47.459999,6.66,-31.679998,
1753148633727,TYPE_ACCELEROMETER,0.181959,1.991976,7.180211,
1753148633727,TYPE_ROTATION_VECTOR,0.10877,-0.064831,-0.562756,0.816867
1753148633728,TYPE_LINEAR_ACCELERATION,0.343825,-0.466248,-2.311961,
1753148633728,TYPE_ACCELEROMETER,0.399832,2.08535,7.218518,
1753148633728,TYPE_ROTATION_VECTOR,0.10877,-0.064831,-0.562756,0.816867
1753148633728,TYPE_LINEAR_ACCELERATION,0.561697,-0.372874,-2.273654,
1753148633728,TYPE_LINEAR_ACCELERATION,0.690984,-0.198097,-2.235347,
1753148633728,TYPE_MAGNETIC_FIELD,-47.459999,6.24,-32.099998,
1753148633728,TYPE_ROTATION_VECTOR,0.10877,-0.064831,-0.562756,0.816867
1753148633728,TYPE_ACCELEROMETER,0.529119,2.260126,7.256825,
1753148633728,TYPE_ACCELEROMETER,0.718261,2.365471,7.283162,
1753148633729,TYPE_ROTATION_VECTOR,0.109683,-0.064322,-0.564489,0.815588
1753148633729,TYPE_LINEAR_ACCELERATION,0.903692,-0.101207,-2.206385,
1753148633729,TYPE_ACCELEROMETER,0.938527,2.372654,7.321469,
1753148633729,TYPE_ROTATION_VECTOR,0.109683,-0.064322,-0.564489,0.815588
1753148633729,TYPE_LINEAR_ACCELERATION,1.123958,-0.094025,-2.168078,
1753148633729,TYPE_MAGNETIC_FIELD,-47.52,5.94,-32.639999,
1753148633729,TYPE_ACCELEROMETER,1.091756,2.379837,7.374141,
1753148633729,TYPE_ROTATION_VECTOR,0.109751,-0.062854,-0.565972,0.814665
1753148633730,TYPE_LINEAR_ACCELERATION,1.305752,-0.071511,-2.118777,
1753148633730,TYPE_ACCELEROMETER,1.098939,2.394202,7.5561,
1753148633730,TYPE_ROTATION_VECTOR,0.109751,-0.062854,-0.565972,0.814665
1753148633730,TYPE_LINEAR_ACCELERATION,1.312934,-0.057145,-1.936818,
1753148633730,TYPE_ACCELEROMETER,1.015141,2.343924,7.726089,
1753148633730,TYPE_MAGNETIC_FIELD,-47.279999,5.58,-33.239998,
1753148633742,TYPE_ROTATION_VECTOR,0.109751,-0.062854,-0.565972,0.814665
1753148633743,TYPE_LINEAR_ACCELERATION,1.229137,-0.107424,-1.766829,
1753148633743,TYPE_ACCELEROMETER,0.871489,2.298434,7.898471,
1753148633743,TYPE_ROTATION_VECTOR,0.108938,-0.060077,-0.568404,0.81329
1753148633743,TYPE_LINEAR_ACCELERATION,1.12765,-0.109021,-1.60463,
1753148633743,TYPE_ACCELEROMETER,0.636858,2.293645,8.101978,
1753148633743,TYPE_ROTATION_VECTOR,0.108938,-0.060077,-0.568404,0.81329
1753148633743,TYPE_LINEAR_ACCELERATION,0.893018,-0.113809,-1.401123,
1753148633743,TYPE_MAGNETIC_FIELD,-46.98,5.4,-33.059998,
1753148633743,TYPE_ACCELEROMETER,0.445322,2.269703,8.226477,
1753148633743,TYPE_ROTATION_VECTOR,0.107703,-0.056501,-0.571093,0.811826
1753148633744,TYPE_LINEAR_ACCELERATION,0.752058,-0.078083,-1.290046,
1753148633744,TYPE_ACCELEROMETER,0.277727,2.212242,8.252813,
1753148633744,TYPE_ROTATION_VECTOR,0.107703,-0.056501,-0.571093,0.811826
1753148633744,TYPE_LINEAR_ACCELERATION,0.584464,-0.135544,-1.263709,
1753148633744,TYPE_LINEAR_ACCELERATION,0.347438,-0.149909,-1.143999,
1753148633744,TYPE_MAGNETIC_FIELD,-47.34,5.04,-33.540001,
1753148633744,TYPE_ROTATION_VECTOR,0.107703,-0.056501,-0.571093,0.811826
1753148633744,TYPE_ACCELEROMETER,0.040701,2.197877,8.372523,
1753148633744,TYPE_ACCELEROMETER,-0.09098,2.154782,8.525752,
1753148633744,TYPE_ROTATION_VECTOR,0.105789,-0.052638,-0.573424,0.810693
1753148633744,TYPE_LINEAR_ACCELERATION,0.261844,-0.119313,-1.007054,
1753148633744,TYPE_ACCELEROMETER,-0.07422,2.075773,8.789114,
1753148633745,TYPE_ROTATION_VECTOR,0.105789,-0.052638,-0.573424,0.810693
1753148633745,TYPE_LINEAR_ACCELERATION,0.278604,-0.198322,-0.743692,
1753148633745,TYPE_MAGNETIC_FIELD,-47.82,4.44,-33.84,
1753148633745,TYPE_ACCELEROMETER,-0.040701,2.042254,9.176975,
1753148633745,TYPE_ROTATION_VECTOR,0.102927,-0.049286,-0.574959,0.810185
1753148633745,TYPE_LINEAR_ACCELERATION,0.336814,-0.149091,-0.374249,
1753148633745,TYPE_ACCELEROMETER,-0.050278,2.073379,9.526528,
1753148633745,TYPE_ROTATION_VECTOR,0.102927,-0.049286,-0.574959,0.810185
1753148633745,TYPE_LINEAR_ACCELERATION,0.327237,-0.117966,-0.024695,
1753148633745,TYPE_ACCELEROMETER,-0.069432,2.145205,9.708488,
1753148633745,TYPE_MAGNETIC_FIELD,-48.119999,4.56,-34.559998,
1753148633745,TYPE_ROTATION_VECTOR,0.102927,-0.049286,-0.574959,0.810185
1753148633745,TYPE_LINEAR_ACCELERATION,0.308083,-0.04614,0.157264,
1753148633745,TYPE_ACCELEROMETER,-0.122104,2.269703,10.089166,
1753148633745,TYPE_ROTATION_VECTOR,0.100135,-0.046505,-0.575588,0.810252
1753148633746,TYPE_LINEAR_ACCELERATION,0.2693,0.153378,0.521598,
1753148633746,TYPE_ACCELEROMETER,-0.124498,2.322376,10.235212,
1753148633746,TYPE_ROTATION_VECTOR,0.100112,-0.046578,-0.575581,0.810256
1753148633746,TYPE_LINEAR_ACCELERATION,0.265461,0.205587,0.667687,
1753148633746,TYPE_MAGNETIC_FIELD,-48.299999,4.5,-35.579998,
1753148633746,TYPE_ACCELEROMETER,-0.134075,2.365471,10.134656,
1753148633746,TYPE_ROTATION_VECTOR,0.098319,-0.044885,-0.575239,0.810813
1753148633746,TYPE_LINEAR_ACCELERATION,0.261405,0.295515,0.557117,
1753148633746,TYPE_ACCELEROMETER,-0.129287,2.425326,10.105926,
1753148633746,TYPE_ROTATION_VECTOR,0.098295,-0.045012,-0.575226,0.810819
1753148633746,TYPE_LINEAR_ACCELERATION,0.263858,0.35433,0.528515,
1753148633746,TYPE_MAGNETIC_FIELD,-48.360001,4.74,-35.399998,
1753148633758,TYPE_ACCELEROMETER,-0.102951,2.480393,10.199299,
1753148633758,TYPE_ROTATION_VECTOR,0.098271,-0.04516,-0.575211,0.810824
1753148633759,TYPE_LINEAR_ACCELERATION,0.287541,0.408118,0.622056,
1753148633759,TYPE_ACCELEROMETER,0.031125,2.626439,10.460267,
1753148633759,TYPE_ROTATION_VECTOR,0.097114,-0.04394,-0.574036,0.811863
1753148633759,TYPE_LINEAR_ACCELERATION,0.424833,0.585362,0.876459,
1753148633759,TYPE_ACCELEROMETER,0.138864,2.722207,10.694899,
1753148633759,TYPE_ROTATION_VECTOR,0.097101,-0.044153,-0.574013,0.811869
1753148633760,TYPE_LINEAR_ACCELERATION,0.528988,0.678944,1.111409,
1753148633760,TYPE_MAGNETIC_FIELD,-47.759998,5.34,-35.759998,
1753148633760,TYPE_ACCELEROMETER,0.308852,2.741361,10.864887,
1753148633760,TYPE_ROTATION_VECTOR,0.096408,-0.043946,-0.572318,0.813158
1753148633760,TYPE_LINEAR_ACCELERATION,0.69015,0.710472,1.278413,
1753148633760,TYPE_ACCELEROMETER,0.457293,2.719813,11.027693,
1753148633761,TYPE_ROTATION_VECTOR,0.096396,-0.044105,-0.572302,0.813163
1753148633761,TYPE_LINEAR_ACCELERATION,0.835891,0.687337,1.441447,
1753148633762,TYPE_LINEAR_ACCELERATION,0.986865,0.645458,1.544559,
1753148633762,TYPE_MAGNETIC_FIELD,-47.82,5.22,-35.579998,
1753148633762,TYPE_ROTATION_VECTOR,0.09638,-0.044233,-0.572288,0.813167
1753148633762,TYPE_ACCELEROMETER,0.610521,2.679112,11.130644,
1753148633762,TYPE_ACCELEROMETER,0.770933,2.624045,11.264719,
1753148633762,TYPE_ROTATION_VECTOR,0.095975,-0.045449,-0.570668,0.814286
1753148633762,TYPE_LINEAR_ACCELERATION,1.119292,0.582547,1.679245,
1753148633762,TYPE_ACCELEROMETER,0.921768,2.530671,11.398794,
1753148633762,TYPE_ROTATION_VECTOR,0.09596,-0.045505,-0.570662,0.814288
1753148633763,TYPE_LINEAR_ACCELERATION,1.269052,0.488781,1.813365,
1753148633763,TYPE_MAGNETIC_FIELD,-48.419998,5.16,-35.399998,
1753148633763,TYPE_ACCELEROMETER,1.046266,2.482787,11.494562,
1753148633763,TYPE_ROTATION_VECTOR,0.09618,-0.047344,-0.569553,0.814934
1753148633763,TYPE_LINEAR_ACCELERATION,1.363953,0.416613,1.913311,
1753148633763,TYPE_ACCELEROMETER,1.108515,2.466028,11.552023,
1753148633763,TYPE_ROTATION_VECTOR,0.09618,-0.047344,-0.569553,0.814934
1753148633763,TYPE_LINEAR_ACCELERATION,1.426203,0.399854,1.970772,
1753148633789,TYPE_MAGNETIC_FIELD,-48.599998,4.92,-36.239998,
1753148633789,TYPE_ACCELEROMETER,1.039083,2.499547,11.51611,
1753148633789,TYPE_ROTATION_VECTOR,0.09618,-0.047344,-0.569553,0.814934
1753148633790,TYPE_LINEAR_ACCELERATION,1.356771,0.433373,1.934859,
1753148633790,TYPE_ACCELEROMETER,0.703895,2.65517,11.269507,
1753148633790,TYPE_ROTATION_VECTOR,0.097657,-0.048431,-0.569345,0.81484
1753148633790,TYPE_LINEAR_ACCELERATION,1.020397,0.553631,1.695911,
1753148633790,TYPE_ACCELEROMETER,0.280122,2.772485,10.907983,
1753148633790,TYPE_ROTATION_VECTOR,0.097657,-0.048431,-0.569345,0.81484
1753148633791,TYPE_LINEAR_ACCELERATION,0.596623,0.670946,1.334387,
1753148633791,TYPE_MAGNETIC_FIELD,-49.079998,4.68,-36.48,
1753148633792,TYPE_ACCELEROMETER,-0.035913,2.779668,10.637438,
1753148633792,TYPE_ROTATION_VECTOR,0.099413,-0.048003,-0.570412,0.813906
1753148633792,TYPE_LINEAR_ACCELERATION,0.309989,0.655663,1.069818,
1753148633806,TYPE_ACCELEROMETER,-0.368707,2.578555,10.491392,
1753148633807,TYPE_ROTATION_VECTOR,0.099413,-0.048003,-0.570412,0.813906
1753148633807,TYPE_LINEAR_ACCELERATION,-0.022805,0.45455,0.923773,
1753148633822,TYPE_LINEAR_ACCELERATION,-0.374753,0.188794,1.244596,
1753148633822,TYPE_MAGNETIC_FIELD,-49.32,4.62,-36.959999,
1753148633824,TYPE_ROTATION_VECTOR,0.099413,-0.048003,-0.570412,0.813906
1753148633824,TYPE_ACCELEROMETER,-0.720655,2.312799,10.812215,
1753148633824,TYPE_ACCELEROMETER,-0.842759,1.94888,11.57836,
1753148633824,TYPE_ROTATION_VECTOR,0.096982,-0.048459,-0.572759,0.812523
1753148633825,TYPE_LINEAR_ACCELERATION,-0.525539,-0.141021,2.002239,
1753148633825,TYPE_ACCELEROMETER,-0.864307,1.623269,12.3876,
1753148633825,TYPE_ROTATION_VECTOR,0.096982,-0.048459,-0.572759,0.812523
1753148633825,TYPE_LINEAR_ACCELERATION,-0.547087,-0.466632,2.81148,
1753148633829,TYPE_MAGNETIC_FIELD,-49.5,4.02,-37.5,
1753148633833,TYPE_ACCELEROMETER,-0.864307,1.391031,13.098678,
1753148633833,TYPE_ROTATION_VECTOR,0.090148,-0.050703,-0.575143,0.811488
1753148633834,TYPE_LINEAR_ACCELERATION,-0.654378,-0.615715,3.501841,
1753148633840,TYPE_ACCELEROMETER,-0.670376,1.063026,13.651738,
1753148633840,TYPE_ROTATION_VECTOR,0.090148,-0.050703,-0.575143,0.811489
1753148633841,TYPE_LINEAR_ACCELERATION,-0.460448,-0.943721,4.054901,
